-- --------------------------------------------------------
-- Host:                         192.168.99.100
-- Server version:               10.2.13-MariaDB-10.2.13+maria~jessie - mariadb.org binary distribution
-- Server OS:                    debian-linux-gnu
-- HeidiSQL Version:             9.5.0.5196
-- --------------------------------------------------------

/*!40101 SET @OLD_CHARACTER_SET_CLIENT=@@CHARACTER_SET_CLIENT */;
/*!40101 SET NAMES utf8 */;
/*!50503 SET NAMES utf8mb4 */;
/*!40014 SET @OLD_FOREIGN_KEY_CHECKS=@@FOREIGN_KEY_CHECKS, FOREIGN_KEY_CHECKS=0 */;
/*!40101 SET @OLD_SQL_MODE=@@SQL_MODE, SQL_MODE='NO_AUTO_VALUE_ON_ZERO' */;


-- Dumping database structure for workshop
CREATE DATABASE IF NOT EXISTS `workshop` /*!40100 DEFAULT CHARACTER SET utf8 */;
USE `workshop`;

-- Dumping structure for table workshop.categories
CREATE TABLE IF NOT EXISTS `categories` (
  `id` int(11) NOT NULL AUTO_INCREMENT,
  `category_name` varchar(100) DEFAULT NULL,
  PRIMARY KEY (`id`)
) ENGINE=InnoDB AUTO_INCREMENT=22 DEFAULT CHARSET=utf8;

-- Dumping data for table workshop.categories: ~21 rows (approximately)
/*!40000 ALTER TABLE `categories` DISABLE KEYS */;
INSERT INTO `categories` (`id`, `category_name`) VALUES
	(1, 'Laptops'),
	(2, 'Accessories'),
	(3, 'Flat Screen Monitors'),
	(4, 'Printers'),
	(5, 'Multifunction Printers'),
	(6, 'Mice'),
	(7, 'Keyboards'),
	(8, 'Mousepads'),
	(9, 'Computer System Accessories'),
	(10, 'Graphic Cards'),
	(11, 'Scanners'),
	(12, 'Speakers'),
	(13, 'Software'),
	(14, 'Telecommunications'),
	(15, 'PCs'),
	(16, 'Servers'),
	(17, 'Flat Screen TVs'),
	(18, 'Desktop Computers'),
	(19, 'Tablets'),
	(20, 'Smartphones and Tablets');
/*!40000 ALTER TABLE `categories` ENABLE KEYS */;

-- Dumping structure for table workshop.customers
CREATE TABLE IF NOT EXISTS `customers` (
  `id` int(11) NOT NULL AUTO_INCREMENT,
  `first_name` varchar(100) DEFAULT NULL,
  `last_name` varchar(100) DEFAULT NULL,
  `email` varchar(100) DEFAULT NULL,
  `gender` varchar(1) DEFAULT NULL,
  `birth_date` date DEFAULT NULL,
  PRIMARY KEY (`id`)
) ENGINE=InnoDB AUTO_INCREMENT=51 DEFAULT CHARSET=utf8;

-- Dumping data for table workshop.customers: ~50 rows (approximately)
/*!40000 ALTER TABLE `customers` DISABLE KEYS */;
INSERT INTO `customers` (`id`, `first_name`, `last_name`, `email`, `gender`, `birth_date`) VALUES
	(1, 'Daria', 'Stiller', 'dstiller0@geocities.com', 'F', '1974-07-02'),
	(2, 'Zebulen', 'Learned', 'zlearned1@shareasale.com', 'M', '1979-10-01'),
	(3, 'Jayme', 'Ferryman', 'jferryman2@acquirethisname.com', 'M', '1982-01-13'),
	(4, 'Beatrisa', 'Roake', 'broake3@amazon.co.uk', 'F', '1987-12-26'),
	(5, 'Hermione', 'Milesop', 'hmilesop4@guardian.co.uk', 'F', '1961-02-12'),
	(6, 'Lawrence', 'Acory', 'lacory5@squidoo.com', 'M', '1964-11-22'),
	(7, 'Marv', 'Capron', 'mcapron6@digg.com', 'M', '1981-11-26'),
	(8, 'Ari', 'Vennard', 'avennard7@usnews.com', 'M', '1982-09-05'),
	(9, 'Esma', 'Hedge', 'ehedge8@odnoklassniki.ru', 'F', '1967-03-29'),
	(10, 'Kipper', 'Bowsher', 'kbowsher9@jugem.jp', 'M', '1960-07-09'),
	(11, 'Farlay', 'Morgan', 'fmorgana@vk.com', 'M', '1960-04-30'),
	(12, 'Wilhelmina', 'Berndt', 'wberndtb@pagesperso-orange.fr', 'F', '1965-12-16'),
	(13, 'Maude', 'Cruess', 'mcruessc@zimbio.com', 'F', '1968-03-06'),
	(14, 'Zacharie', 'Cato', 'zcatod@si.edu', 'M', '1985-10-09'),
	(15, 'Phylis', 'Pryke', 'pprykee@nifty.com', 'F', '1989-05-30'),
	(16, 'Jess', 'Glassard', 'jglassardf@diigo.com', 'M', '1977-08-16'),
	(17, 'Truda', 'Moreby', 'tmorebyg@t.co', 'F', '1987-08-17'),
	(18, 'Nanine', 'Doddemeede', 'ndoddemeedeh@vimeo.com', 'F', '1987-12-23'),
	(19, 'Garth', 'Manon', 'gmanoni@fema.gov', 'M', '1988-06-14'),
	(20, 'Jourdan', 'Mitcheson', 'jmitchesonj@npr.org', 'F', '1980-03-19'),
	(21, 'Ware', 'Leon', 'wleonk@cam.ac.uk', 'M', '1966-06-04'),
	(22, 'Rosalind', 'McCleverty', 'rmcclevertyl@blogspot.com', 'F', '1970-01-19'),
	(23, 'Lani', 'Walework', 'lwaleworkm@1688.com', 'F', '1984-09-23'),
	(24, 'Forest', 'Phebee', 'fphebeen@digg.com', 'M', '1968-12-10'),
	(25, 'Currey', 'Hardey', 'chardeyo@mac.com', 'M', '1978-07-11'),
	(26, 'Abby', 'Aronstein', 'aaronsteinp@360.cn', 'F', '1979-04-21'),
	(27, 'Avigdor', 'Polleye', 'apolleyeq@blog.com', 'M', '1962-06-15'),
	(28, 'Ali', 'Clelland', 'aclellandr@parallels.com', 'F', '1986-03-18'),
	(29, 'Annis', 'Jahnisch', 'ajahnischs@sciencedaily.com', 'F', '1981-12-24'),
	(30, 'Gerda', 'Flowitt', 'gflowittt@ibm.com', 'F', '1974-06-18'),
	(31, 'Rabbi', 'McCutheon', 'rmccutheonu@nsw.gov.au', 'M', '1987-05-28'),
	(32, 'Claudelle', 'Fearnehough', 'cfearnehoughv@aboutads.info', 'F', '1980-12-02'),
	(33, 'Roobbie', 'Shier', 'rshierw@umich.edu', 'F', '1973-07-20'),
	(34, 'Alessandro', 'Robertazzi', 'arobertazzix@harvard.edu', 'M', '1962-01-18'),
	(35, 'Haily', 'Clough', 'hcloughy@europa.eu', 'F', '1985-05-13'),
	(36, 'Rollin', 'Haigh', 'rhaighz@pagesperso-orange.fr', 'M', '1985-05-09'),
	(37, 'Mandel', 'Alaway', 'malaway10@mozilla.org', 'M', '1981-06-28'),
	(38, 'Matthew', 'Limbourne', 'mlimbourne11@bluehost.com', 'M', '1977-10-11'),
	(39, 'Duky', 'Reddlesden', 'dreddlesden12@example.com', 'M', '1966-06-18'),
	(40, 'Kellyann', 'Folbige', 'kfolbige13@eepurl.com', 'F', '1979-04-09'),
	(41, 'Venus', 'Souch', 'vsouch14@technorati.com', 'F', '1967-09-03'),
	(42, 'Leeanne', 'Evangelinos', 'levangelinos15@hp.com', 'F', '1976-10-25'),
	(43, 'Jan', 'Fincken', 'jfincken16@behance.net', 'F', '1988-07-26'),
	(44, 'Gloriana', 'Barge', 'gbarge17@bandcamp.com', 'F', '1974-03-07'),
	(45, 'Saloma', 'Fossey', 'sfossey18@acquirethisname.com', 'F', '1964-09-05'),
	(46, 'Karilynn', 'Cavnor', 'kcavnor19@wikispaces.com', 'F', '1961-09-25'),
	(47, 'Redford', 'Doey', 'rdoey1a@disqus.com', 'M', '1967-02-08'),
	(48, 'Layton', 'Arnald', 'larnald1b@cargocollective.com', 'M', '1967-09-10'),
	(49, 'Boote', 'Monsey', 'bmonsey1c@nsw.gov.au', 'M', '1979-11-15'),
	(50, 'Orelia', 'Lamond', 'olamond1d@biglobe.ne.jp', 'F', '1981-07-22');
/*!40000 ALTER TABLE `customers` ENABLE KEYS */;

-- Dumping structure for table workshop.orders
CREATE TABLE IF NOT EXISTS `orders` (
  `id` int(11) NOT NULL AUTO_INCREMENT,
  `customer_id` int(11) DEFAULT NULL,
  `order_date` datetime DEFAULT NULL,
  `order_amount` decimal(10,0) DEFAULT NULL,
  PRIMARY KEY (`id`),
  KEY `FK_orders_customers` (`customer_id`)
) ENGINE=InnoDB AUTO_INCREMENT=256 DEFAULT CHARSET=utf8;

-- Dumping data for table workshop.orders: ~200 rows (approximately)
/*!40000 ALTER TABLE `orders` DISABLE KEYS */;
INSERT INTO `orders` (`id`, `customer_id`, `order_date`, `order_amount`) VALUES
	(1, 30, '2017-01-02 01:36:04', 4529),
	(2, 30, '2017-01-03 07:15:56', 7488),
	(3, 22, '2017-01-03 08:16:55', 5761),
	(4, 25, '2017-01-07 08:55:53', 12473),
	(5, 3, '2017-01-08 05:43:03', 129613),
	(6, 30, '2017-01-08 07:06:51', 6166),
	(7, 41, '2017-01-09 11:04:54', 1693),
	(8, 39, '2017-01-14 00:40:26', 1814),
	(9, 39, '2017-01-17 01:41:25', 952),
	(10, 30, '2017-01-17 08:37:16', 585),
	(11, 22, '2017-01-17 17:58:07', 1161),
	(12, 31, '2017-01-23 22:29:46', 0),
	(13, 5, '2017-01-26 01:04:01', 2477),
	(14, 47, '2017-01-26 23:19:36', 130),
	(15, 1, '2017-01-31 13:05:58', 33956),
	(16, 20, '2017-02-05 15:21:42', 747),
	(17, 10, '2017-02-05 20:10:06', 5308),
	(18, 34, '2017-02-17 09:33:11', 2836),
	(19, 5, '2017-02-28 00:25:33', 0),
	(20, 35, '2017-03-09 00:05:58', 378),
	(21, 47, '2017-03-24 09:50:51', 4693),
	(22, 14, '2017-03-25 06:25:58', 200690),
	(23, 29, '2017-03-25 13:20:04', 7785),
	(24, 12, '2017-03-27 11:47:22', 6810),
	(25, 15, '2017-03-29 11:12:11', 317),
	(26, 45, '2017-03-31 18:03:30', 7180),
	(27, 26, '2017-04-01 18:55:38', 13865),
	(28, 34, '2017-04-03 17:31:14', 7336),
	(29, 23, '2017-04-06 20:57:39', 14168),
	(30, 27, '2017-04-10 04:10:45', 37918),
	(31, 50, '2017-04-11 20:16:53', 1745),
	(32, 26, '2017-04-15 04:54:43', 2415),
	(33, 7, '2017-04-19 11:14:53', 6614),
	(34, 8, '2017-04-22 21:40:06', 10621),
	(35, 49, '2017-04-29 09:08:10', 13371),
	(36, 13, '2017-04-30 08:47:43', 40000),
	(37, 33, '2017-04-30 19:22:38', 2562),
	(38, 29, '2017-05-01 07:57:20', 24078),
	(39, 17, '2017-05-05 06:07:27', 11957),
	(40, 9, '2017-05-06 12:20:52', 2989),
	(41, 21, '2017-05-08 20:57:04', 10322),
	(42, 49, '2017-05-18 23:31:10', 13908),
	(43, 31, '2017-05-19 17:16:22', 2024),
	(44, 2, '2017-05-21 01:48:26', 274),
	(45, 24, '2017-05-29 15:59:33', 1035),
	(46, 9, '2017-06-01 03:34:50', 12481),
	(47, 8, '2017-06-02 07:55:19', 25225),
	(48, 14, '2017-06-02 08:59:38', 1530),
	(49, 23, '2017-06-02 09:20:19', 1556),
	(50, 10, '2017-06-03 17:13:42', 0),
	(51, 11, '2017-06-10 10:15:26', 93066),
	(52, 50, '2017-06-20 06:55:51', 2814),
	(53, 30, '2017-06-21 14:03:01', 2606),
	(54, 26, '2017-06-24 21:44:03', 155697),
	(55, 31, '2017-06-26 23:06:18', 27805),
	(56, 48, '2017-06-29 20:54:03', 1980),
	(57, 37, '2017-06-30 09:00:05', 1380),
	(58, 7, '2017-07-01 12:56:49', 6013),
	(59, 25, '2017-07-02 08:44:28', 6477),
	(60, 45, '2017-07-02 18:05:01', 574),
	(61, 37, '2017-07-04 20:14:07', 6741),
	(62, 10, '2017-07-09 23:29:06', 11313),
	(63, 32, '2017-07-11 07:54:40', 9659),
	(64, 31, '2017-07-15 07:59:39', 3663),
	(65, 43, '2017-07-18 09:36:01', 130),
	(66, 46, '2017-07-21 07:13:47', 60000),
	(67, 38, '2017-07-23 11:13:29', 13600),
	(68, 19, '2017-07-27 07:41:48', 15523),
	(69, 49, '2017-08-03 02:47:56', 10354),
	(70, 35, '2017-08-04 19:11:01', 0),
	(71, 50, '2017-08-09 15:26:05', 12744),
	(72, 31, '2017-08-10 06:11:32', 45),
	(73, 7, '2017-08-10 11:41:35', 20394),
	(74, 6, '2017-08-21 01:20:04', 2008),
	(75, 19, '2017-08-23 18:56:33', 151266),
	(76, 38, '2017-08-29 12:06:04', 9046),
	(77, 49, '2017-08-31 06:53:36', 1696),
	(78, 11, '2017-09-01 13:48:08', 7542),
	(79, 26, '2017-09-02 13:56:54', 7771),
	(80, 1, '2017-09-12 16:05:07', 770),
	(81, 15, '2017-09-13 05:00:16', 258),
	(82, 48, '2017-09-15 10:42:26', 1842),
	(83, 34, '2017-09-18 02:04:59', 16800),
	(84, 23, '2017-09-22 09:04:43', 6109),
	(85, 43, '2017-09-27 14:00:03', 98),
	(86, 36, '2017-09-29 20:06:28', 64),
	(87, 28, '2017-09-30 09:14:03', 45831),
	(88, 48, '2017-10-01 23:34:39', 1490),
	(89, 4, '2017-10-06 01:08:01', 22867),
	(90, 41, '2017-10-11 00:49:45', 306),
	(91, 50, '2017-10-17 01:07:31', 0),
	(92, 50, '2017-10-18 20:33:21', 4440),
	(93, 10, '2017-10-21 09:46:38', 1243),
	(94, 12, '2017-10-25 11:12:09', 441),
	(95, 24, '2017-10-28 06:33:38', 20000),
	(96, 10, '2017-10-28 09:44:13', 9649),
	(97, 36, '2017-11-01 05:37:50', 1299),
	(98, 43, '2017-11-01 10:47:01', 834),
	(99, 13, '2017-11-03 04:42:51', 28928),
	(100, 24, '2017-11-06 00:07:27', 152),
	(101, 48, '2017-11-07 09:13:00', 4946),
	(102, 43, '2017-11-07 15:38:46', 33386),
	(103, 40, '2017-11-08 06:20:39', 12184),
	(104, 37, '2017-11-10 23:14:43', 8550),
	(105, 2, '2017-11-13 01:02:28', 5130),
	(106, 8, '2017-11-13 13:45:01', 5327),
	(107, 50, '2017-11-14 23:12:01', 10093),
	(108, 34, '2017-11-19 04:02:22', 6600),
	(109, 13, '2017-11-21 09:37:44', 16),
	(110, 41, '2017-11-21 22:08:36', 4676),
	(111, 32, '2017-11-24 11:14:57', 10877),
	(112, 15, '2017-11-27 17:39:13', 4738),
	(113, 35, '2017-11-28 14:47:26', 11894),
	(114, 14, '2017-11-28 21:11:22', 6794),
	(115, 35, '2017-11-29 00:55:01', 4052),
	(116, 41, '2017-11-29 08:53:11', 15672),
	(117, 8, '2017-11-30 13:17:23', 6416),
	(118, 15, '2017-12-01 03:49:46', 2106),
	(119, 43, '2017-12-01 11:54:28', 1716),
	(120, 37, '2017-12-01 14:24:51', 2398),
	(121, 9, '2017-12-04 16:05:30', 17815),
	(122, 13, '2017-12-06 23:39:01', 3150),
	(123, 48, '2017-12-07 16:29:58', 17220),
	(124, 50, '2017-12-10 01:16:01', 4606),
	(125, 12, '2017-12-18 11:37:30', 5504),
	(126, 50, '2017-12-20 20:16:31', 15183),
	(127, 35, '2017-12-21 10:07:29', 4216),
	(128, 9, '2017-12-23 04:05:17', 11592),
	(129, 6, '2017-12-23 17:14:48', 3843),
	(130, 46, '2017-12-25 17:47:33', 17840),
	(131, 3, '2017-12-27 16:25:57', 126183),
	(132, 19, '2017-12-28 15:56:22', 120000),
	(133, 5, '2017-12-30 13:15:01', 6078),
	(134, 35, '2017-12-30 22:20:38', 2503),
	(135, 28, '2018-01-02 04:38:38', 830),
	(136, 11, '2018-01-04 14:46:00', 0),
	(137, 31, '2018-01-07 04:49:03', 206),
	(138, 24, '2018-01-07 22:17:17', 16189),
	(139, 41, '2018-01-12 07:13:46', 0),
	(140, 8, '2018-01-12 09:01:08', 9964),
	(141, 22, '2018-01-14 04:57:58', 687),
	(142, 6, '2018-01-15 02:57:01', 13291),
	(143, 3, '2018-01-15 16:12:55', 112),
	(144, 33, '2018-01-22 08:12:53', 504),
	(145, 40, '2018-01-24 10:13:50', 2716),
	(146, 20, '2018-01-24 16:10:41', 18351),
	(147, 13, '2018-01-26 23:14:42', 7377),
	(148, 28, '2018-02-01 20:26:57', 4145),
	(149, 26, '2018-02-02 19:27:04', 5889),
	(150, 50, '2018-02-05 17:46:50', 5698),
	(151, 50, '2018-02-07 21:13:34', 381),
	(152, 27, '2018-02-08 13:05:56', 5149),
	(153, 25, '2018-02-09 02:48:14', 11583),
	(154, 49, '2018-02-11 13:47:11', 276),
	(155, 37, '2018-02-12 08:32:10', 13941),
	(156, 25, '2018-02-22 16:44:11', 22903),
	(157, 39, '2018-02-23 03:41:33', 0),
	(158, 25, '2018-02-26 05:04:11', 44),
	(159, 15, '2018-02-27 15:05:24', 3400),
	(160, 10, '2018-02-28 19:11:45', 7103),
	(161, 38, '2018-03-04 20:29:04', 1434),
	(162, 10, '2018-03-05 11:49:01', 717),
	(163, 48, '2018-03-08 23:53:02', 1057),
	(164, 49, '2018-03-10 10:55:51', 0),
	(165, 10, '2018-03-12 13:51:48', 0),
	(166, 44, '2018-03-21 17:42:16', 26148),
	(167, 32, '2018-03-30 22:41:54', 4793),
	(168, 50, '2018-04-02 05:28:40', 349),
	(169, 28, '2018-04-10 00:58:48', 18670),
	(170, 32, '2018-04-11 11:28:45', 14497),
	(171, 31, '2018-04-18 04:51:37', 2170),
	(172, 25, '2018-04-24 05:58:21', 2560),
	(173, 49, '2018-04-25 04:53:24', 390),
	(174, 11, '2018-04-27 07:04:38', 955),
	(175, 24, '2018-05-06 10:47:07', 16133),
	(176, 35, '2018-05-06 18:07:45', 19389),
	(177, 43, '2018-05-12 03:48:52', 0),
	(178, 2, '2018-05-12 19:35:09', 1014),
	(179, 42, '2018-05-12 23:57:23', 8177),
	(180, 19, '2018-05-14 01:10:28', 19430),
	(181, 46, '2018-05-16 11:58:06', 4224),
	(182, 23, '2018-05-20 07:06:39', 5204),
	(183, 4, '2018-05-21 15:00:40', 2948),
	(184, 14, '2018-05-25 07:32:36', 354),
	(185, 42, '2018-05-27 23:37:13', 8166),
	(186, 45, '2018-05-30 04:32:53', 5262),
	(187, 43, '2018-05-31 09:52:22', 3101),
	(188, 39, '2018-06-06 12:01:03', 273),
	(189, 1, '2018-06-10 18:39:25', 664),
	(190, 21, '2018-06-11 13:25:54', 5373),
	(191, 47, '2018-06-16 06:47:19', 560),
	(192, 46, '2018-06-16 10:43:51', 0),
	(193, 42, '2018-06-19 01:24:00', 3600),
	(194, 48, '2018-06-19 14:45:58', 258),
	(195, 45, '2018-06-23 01:23:50', 747),
	(196, 39, '2018-06-23 07:44:26', 3294),
	(197, 38, '2018-06-23 17:01:42', 2601),
	(198, 41, '2018-06-26 23:38:04', 1183),
	(199, 23, '2018-06-27 22:35:24', 3045),
	(200, 1, '2018-06-28 00:47:21', 4406);
/*!40000 ALTER TABLE `orders` ENABLE KEYS */;

-- Dumping structure for table workshop.order_items
CREATE TABLE IF NOT EXISTS `order_items` (
  `id` int(11) NOT NULL AUTO_INCREMENT,
  `order_id` int(11) DEFAULT NULL,
  `product_id` int(11) DEFAULT NULL,
  `price` decimal(8,0) DEFAULT NULL,
  `qty` int(11) DEFAULT NULL,
  `order_item_amount` decimal(10,0) DEFAULT NULL,
  PRIMARY KEY (`id`),
  KEY `FK_order_items_orders` (`order_id`),
  KEY `FK_order_items_products` (`product_id`)
) ENGINE=InnoDB AUTO_INCREMENT=1024 DEFAULT CHARSET=utf8;

-- Dumping data for table workshop.order_items: ~600 rows (approximately)
/*!40000 ALTER TABLE `order_items` DISABLE KEYS */;
INSERT INTO `order_items` (`id`, `order_id`, `product_id`, `price`, `qty`, `order_item_amount`) VALUES
	(1, 1, 46, 26, 4, 104),
	(2, 1, 86, 288, 1, 288),
	(3, 1, 90, 854, 1, 854),
	(4, 1, 91, 469, 7, 3283),
	(5, 2, 3, 1570, 3, 4710),
	(6, 2, 33, 9, 9, 81),
	(7, 2, 74, 899, 3, 2697),
	(8, 3, 8, 459, 9, 4131),
	(9, 3, 37, 82, 10, 820),
	(10, 3, 49, 80, 8, 640),
	(11, 3, 56, 9, 6, 54),
	(12, 3, 65, 29, 4, 116),
	(13, 4, 26, 9, 10, 90),
	(14, 4, 75, 549, 7, 3843),
	(15, 4, 90, 854, 10, 8540),
	(16, 5, 60, 31, 3, 93),
	(17, 5, 69, 5000, 10, 50000),
	(18, 5, 70, 15000, 5, 75000),
	(19, 5, 82, 299, 1, 299),
	(20, 5, 91, 469, 9, 4221),
	(21, 6, 21, 139, 5, 695),
	(22, 6, 22, 99, 3, 297),
	(23, 6, 63, 69, 9, 621),
	(24, 6, 67, 23, 7, 161),
	(25, 6, 76, 549, 8, 4392),
	(26, 7, 23, 170, 3, 510),
	(27, 7, 42, 169, 7, 1183),
	(28, 8, 20, 349, 1, 349),
	(29, 8, 23, 170, 7, 1190),
	(30, 8, 52, 55, 5, 275),
	(31, 9, 25, 119, 8, 952),
	(32, 10, 25, 119, 2, 238),
	(33, 10, 30, 16, 2, 32),
	(34, 10, 56, 9, 6, 54),
	(35, 10, 65, 29, 9, 261),
	(36, 11, 18, 830, 1, 830),
	(37, 11, 22, 99, 1, 99),
	(38, 11, 81, 29, 8, 232),
	(39, 13, 58, 39, 1, 39),
	(40, 13, 67, 23, 2, 46),
	(41, 13, 82, 299, 8, 2392),
	(42, 14, 46, 26, 5, 130),
	(43, 15, 43, 189, 3, 567),
	(44, 15, 69, 5000, 6, 30000),
	(45, 15, 88, 889, 1, 889),
	(46, 15, 96, 250, 10, 2500),
	(47, 16, 50, 69, 8, 552),
	(48, 16, 58, 39, 5, 195),
	(49, 17, 86, 288, 9, 2592),
	(50, 17, 89, 679, 4, 2716),
	(51, 18, 53, 29, 5, 145),
	(52, 18, 82, 299, 9, 2691),
	(53, 20, 45, 39, 2, 78),
	(54, 20, 55, 30, 10, 300),
	(55, 21, 20, 349, 7, 2443),
	(56, 21, 96, 250, 9, 2250),
	(57, 22, 12, 230, 3, 690),
	(58, 22, 71, 25000, 8, 200000),
	(59, 23, 28, 11, 9, 99),
	(60, 23, 90, 854, 9, 7686),
	(61, 24, 17, 1230, 5, 6150),
	(62, 24, 62, 59, 10, 590),
	(63, 24, 64, 35, 2, 70),
	(64, 25, 56, 9, 3, 27),
	(65, 25, 65, 29, 10, 290),
	(66, 26, 24, 99, 6, 594),
	(67, 26, 72, 1459, 4, 5836),
	(68, 26, 96, 250, 3, 750),
	(69, 27, 4, 1650, 1, 1650),
	(70, 27, 26, 9, 4, 36),
	(71, 27, 60, 31, 9, 279),
	(72, 27, 97, 1700, 7, 11900),
	(73, 28, 21, 139, 1, 139),
	(74, 28, 68, 2399, 3, 7197),
	(75, 29, 7, 2299, 6, 13794),
	(76, 29, 24, 99, 1, 99),
	(77, 29, 32, 7, 5, 35),
	(78, 29, 55, 30, 8, 240),
	(79, 30, 10, 1679, 8, 13432),
	(80, 30, 13, 285, 8, 2280),
	(81, 30, 17, 1230, 9, 11070),
	(82, 30, 44, 1499, 6, 8994),
	(83, 30, 62, 59, 8, 472),
	(84, 30, 83, 167, 10, 1670),
	(85, 31, 20, 349, 5, 1745),
	(86, 32, 14, 345, 7, 2415),
	(87, 33, 23, 170, 10, 1700),
	(88, 33, 88, 889, 4, 3556),
	(89, 33, 89, 679, 2, 1358),
	(90, 34, 9, 149, 8, 1192),
	(91, 34, 43, 189, 7, 1323),
	(92, 34, 67, 23, 10, 230),
	(93, 34, 91, 469, 4, 1876),
	(94, 34, 98, 1200, 5, 6000),
	(95, 35, 4, 1650, 7, 11550),
	(96, 35, 16, 430, 3, 1290),
	(97, 35, 62, 59, 9, 531),
	(98, 36, 69, 5000, 8, 40000),
	(99, 37, 90, 854, 3, 2562),
	(100, 38, 21, 139, 6, 834),
	(101, 38, 24, 99, 2, 198),
	(102, 38, 51, 77, 7, 539),
	(103, 38, 53, 29, 4, 116),
	(104, 38, 66, 1430, 5, 7150),
	(105, 38, 66, 1430, 8, 11440),
	(106, 38, 79, 49, 1, 49),
	(107, 38, 91, 469, 8, 3752),
	(108, 39, 1, 956, 10, 9560),
	(109, 39, 42, 169, 3, 507),
	(110, 39, 43, 189, 10, 1890),
	(111, 40, 27, 7, 10, 70),
	(112, 40, 45, 39, 6, 234),
	(113, 40, 57, 7, 5, 35),
	(114, 40, 65, 29, 2, 58),
	(115, 40, 86, 288, 9, 2592),
	(116, 41, 11, 512, 6, 3072),
	(117, 41, 13, 285, 6, 1710),
	(118, 41, 39, 140, 1, 140),
	(119, 41, 99, 900, 6, 5400),
	(120, 42, 8, 459, 10, 4590),
	(121, 42, 20, 349, 7, 2443),
	(122, 42, 23, 170, 1, 170),
	(123, 42, 46, 26, 2, 52),
	(124, 42, 47, 45, 8, 360),
	(125, 42, 74, 899, 7, 6293),
	(126, 43, 59, 2, 4, 8),
	(127, 43, 86, 288, 7, 2016),
	(128, 44, 34, 13, 6, 78),
	(129, 44, 79, 49, 4, 196),
	(130, 45, 63, 69, 5, 345),
	(131, 45, 63, 69, 10, 690),
	(132, 46, 7, 2299, 3, 6897),
	(133, 46, 17, 1230, 3, 3690),
	(134, 46, 40, 129, 9, 1161),
	(135, 46, 41, 89, 8, 712),
	(136, 46, 57, 7, 3, 21),
	(137, 47, 31, 26, 4, 104),
	(138, 47, 72, 1459, 9, 13131),
	(139, 47, 73, 1199, 10, 11990),
	(140, 48, 24, 99, 5, 495),
	(141, 48, 25, 119, 7, 833),
	(142, 48, 38, 101, 2, 202),
	(143, 49, 2, 1249, 1, 1249),
	(144, 49, 52, 55, 4, 220),
	(145, 49, 81, 29, 3, 87),
	(146, 51, 14, 345, 4, 1380),
	(147, 51, 20, 349, 4, 1396),
	(148, 51, 65, 29, 2, 58),
	(149, 51, 70, 15000, 6, 90000),
	(150, 51, 81, 29, 6, 174),
	(151, 51, 81, 29, 2, 58),
	(152, 52, 91, 469, 6, 2814),
	(153, 53, 26, 9, 4, 36),
	(154, 53, 26, 9, 4, 36),
	(155, 53, 27, 7, 6, 42),
	(156, 53, 31, 26, 5, 130),
	(157, 53, 43, 189, 9, 1701),
	(158, 53, 60, 31, 4, 124),
	(159, 53, 63, 69, 4, 276),
	(160, 53, 65, 29, 9, 261),
	(161, 54, 19, 490, 1, 490),
	(162, 54, 55, 30, 9, 270),
	(163, 54, 70, 15000, 10, 150000),
	(164, 54, 87, 130, 5, 650),
	(165, 54, 89, 679, 3, 2037),
	(166, 54, 96, 250, 9, 2250),
	(167, 55, 1, 956, 2, 1912),
	(168, 55, 7, 2299, 8, 18392),
	(169, 55, 12, 230, 5, 1150),
	(170, 55, 14, 345, 10, 3450),
	(171, 55, 45, 39, 6, 234),
	(172, 55, 88, 889, 3, 2667),
	(173, 56, 33, 9, 3, 27),
	(174, 56, 43, 189, 10, 1890),
	(175, 56, 92, 9, 7, 63),
	(176, 57, 87, 130, 9, 1170),
	(177, 57, 93, 30, 7, 210),
	(178, 58, 11, 512, 6, 3072),
	(179, 58, 20, 349, 1, 349),
	(180, 58, 86, 288, 9, 2592),
	(181, 59, 10, 1679, 3, 5037),
	(182, 59, 86, 288, 5, 1440),
	(183, 60, 35, 14, 4, 56),
	(184, 60, 61, 49, 8, 392),
	(185, 60, 92, 9, 5, 45),
	(186, 60, 92, 9, 9, 81),
	(187, 61, 20, 349, 8, 2792),
	(188, 61, 44, 1499, 2, 2998),
	(189, 61, 65, 29, 3, 87),
	(190, 61, 86, 288, 3, 864),
	(191, 62, 28, 11, 2, 22),
	(192, 62, 66, 1430, 7, 10010),
	(193, 62, 92, 9, 9, 81),
	(194, 62, 98, 1200, 1, 1200),
	(195, 63, 1, 956, 9, 8604),
	(196, 63, 14, 345, 3, 1035),
	(197, 63, 59, 2, 10, 20),
	(198, 64, 26, 9, 7, 63),
	(199, 64, 100, 600, 6, 3600),
	(200, 65, 46, 26, 5, 130),
	(201, 66, 70, 15000, 4, 60000),
	(202, 67, 97, 1700, 8, 13600),
	(203, 68, 30, 16, 3, 48),
	(204, 68, 32, 7, 4, 28),
	(205, 68, 61, 49, 3, 147),
	(206, 68, 97, 1700, 9, 15300),
	(207, 69, 37, 82, 2, 164),
	(208, 69, 44, 1499, 2, 2998),
	(209, 69, 74, 899, 8, 7192),
	(210, 71, 11, 512, 10, 5120),
	(211, 71, 33, 9, 9, 81),
	(212, 71, 65, 29, 9, 261),
	(213, 71, 74, 899, 8, 7192),
	(214, 71, 92, 9, 10, 90),
	(215, 72, 94, 45, 1, 45),
	(216, 73, 2, 1249, 9, 11241),
	(217, 73, 4, 1650, 5, 8250),
	(218, 73, 21, 139, 4, 556),
	(219, 73, 34, 13, 9, 117),
	(220, 73, 67, 23, 10, 230),
	(221, 74, 13, 285, 3, 855),
	(222, 74, 26, 9, 6, 54),
	(223, 74, 64, 35, 6, 210),
	(224, 74, 88, 889, 1, 889),
	(225, 75, 33, 9, 4, 36),
	(226, 75, 41, 89, 9, 801),
	(227, 75, 59, 2, 8, 16),
	(228, 75, 62, 59, 7, 413),
	(229, 75, 71, 25000, 6, 150000),
	(230, 76, 28, 11, 6, 66),
	(231, 76, 30, 16, 4, 64),
	(232, 76, 40, 129, 4, 516),
	(233, 76, 98, 1200, 7, 8400),
	(234, 77, 62, 59, 8, 472),
	(235, 77, 76, 549, 2, 1098),
	(236, 77, 84, 63, 2, 126),
	(237, 78, 8, 459, 2, 918),
	(238, 78, 25, 119, 3, 357),
	(239, 78, 50, 69, 4, 276),
	(240, 78, 77, 549, 10, 5490),
	(241, 78, 83, 167, 3, 501),
	(242, 79, 52, 55, 2, 110),
	(243, 79, 78, 549, 1, 549),
	(244, 79, 88, 889, 8, 7112),
	(245, 80, 49, 80, 4, 320),
	(246, 80, 95, 450, 1, 450),
	(247, 81, 31, 26, 3, 78),
	(248, 81, 94, 45, 4, 180),
	(249, 82, 25, 119, 4, 476),
	(250, 82, 82, 299, 3, 897),
	(251, 82, 91, 469, 1, 469),
	(252, 83, 4, 1650, 4, 6600),
	(253, 83, 97, 1700, 6, 10200),
	(254, 84, 1, 956, 4, 3824),
	(255, 84, 57, 7, 5, 35),
	(256, 84, 95, 450, 5, 2250),
	(257, 85, 79, 49, 2, 98),
	(258, 86, 30, 16, 4, 64),
	(259, 87, 14, 345, 1, 345),
	(260, 87, 33, 9, 9, 81),
	(261, 87, 69, 5000, 9, 45000),
	(262, 87, 85, 45, 9, 405),
	(263, 88, 9, 149, 10, 1490),
	(264, 89, 6, 1999, 10, 19990),
	(265, 89, 64, 35, 6, 210),
	(266, 89, 88, 889, 3, 2667),
	(267, 90, 54, 34, 9, 306),
	(268, 92, 14, 345, 10, 3450),
	(269, 92, 24, 99, 10, 990),
	(270, 93, 42, 169, 7, 1183),
	(271, 93, 93, 30, 2, 60),
	(272, 94, 47, 45, 4, 180),
	(273, 94, 81, 29, 9, 261),
	(274, 95, 69, 5000, 4, 20000),
	(275, 96, 7, 2299, 4, 9196),
	(276, 96, 34, 13, 1, 13),
	(277, 96, 52, 55, 8, 440),
	(278, 97, 31, 26, 5, 130),
	(279, 97, 83, 167, 7, 1169),
	(280, 98, 21, 139, 6, 834),
	(281, 99, 3, 1570, 5, 7850),
	(282, 99, 7, 2299, 9, 20691),
	(283, 99, 40, 129, 3, 387),
	(284, 100, 28, 11, 10, 110),
	(285, 100, 57, 7, 6, 42),
	(286, 101, 19, 490, 8, 3920),
	(287, 101, 27, 7, 4, 28),
	(288, 101, 33, 9, 8, 72),
	(289, 101, 54, 34, 9, 306),
	(290, 101, 59, 2, 10, 20),
	(291, 101, 100, 600, 1, 600),
	(292, 102, 3, 1570, 3, 4710),
	(293, 102, 8, 459, 7, 3213),
	(294, 102, 68, 2399, 9, 21591),
	(295, 102, 78, 549, 4, 2196),
	(296, 102, 78, 549, 3, 1647),
	(297, 102, 81, 29, 1, 29),
	(298, 103, 14, 345, 7, 2415),
	(299, 103, 29, 14, 4, 56),
	(300, 103, 68, 2399, 4, 9596),
	(301, 103, 80, 39, 3, 117),
	(302, 104, 31, 26, 8, 208),
	(303, 104, 33, 9, 4, 36),
	(304, 104, 56, 9, 2, 18),
	(305, 104, 58, 39, 10, 390),
	(306, 104, 75, 549, 2, 1098),
	(307, 104, 97, 1700, 4, 6800),
	(308, 105, 47, 45, 8, 360),
	(309, 105, 49, 80, 6, 480),
	(310, 105, 66, 1430, 3, 4290),
	(311, 106, 1, 956, 4, 3824),
	(312, 106, 9, 149, 1, 149),
	(313, 106, 46, 26, 4, 104),
	(314, 106, 96, 250, 5, 1250),
	(315, 107, 5, 299, 3, 897),
	(316, 107, 7, 2299, 4, 9196),
	(317, 108, 4, 1650, 4, 6600),
	(318, 109, 59, 2, 8, 16),
	(319, 110, 15, 399, 7, 2793),
	(320, 110, 47, 45, 7, 315),
	(321, 110, 52, 55, 6, 330),
	(322, 110, 54, 34, 2, 68),
	(323, 110, 87, 130, 9, 1170),
	(324, 111, 37, 82, 7, 574),
	(325, 111, 40, 129, 7, 903),
	(326, 111, 95, 450, 2, 900),
	(327, 111, 97, 1700, 5, 8500),
	(328, 112, 11, 512, 9, 4608),
	(329, 112, 87, 130, 1, 130),
	(330, 113, 33, 9, 4, 36),
	(331, 113, 37, 82, 4, 328),
	(332, 113, 55, 30, 3, 90),
	(333, 113, 66, 1430, 8, 11440),
	(334, 114, 11, 512, 10, 5120),
	(335, 114, 12, 230, 6, 1380),
	(336, 114, 61, 49, 6, 294),
	(337, 115, 2, 1249, 3, 3747),
	(338, 115, 55, 30, 9, 270),
	(339, 115, 64, 35, 1, 35),
	(340, 116, 5, 299, 8, 2392),
	(341, 116, 27, 7, 8, 56),
	(342, 116, 62, 59, 6, 354),
	(343, 116, 66, 1430, 9, 12870),
	(344, 117, 23, 170, 1, 170),
	(345, 117, 27, 7, 9, 63),
	(346, 117, 56, 9, 8, 72),
	(347, 117, 89, 679, 9, 6111),
	(348, 118, 15, 399, 5, 1995),
	(349, 118, 80, 39, 1, 39),
	(350, 118, 92, 9, 8, 72),
	(351, 119, 19, 490, 1, 490),
	(352, 119, 24, 99, 10, 990),
	(353, 119, 33, 9, 8, 72),
	(354, 119, 37, 82, 2, 164),
	(355, 120, 50, 69, 8, 552),
	(356, 120, 67, 23, 2, 46),
	(357, 120, 95, 450, 4, 1800),
	(358, 121, 3, 1570, 8, 12560),
	(359, 121, 4, 1650, 1, 1650),
	(360, 121, 20, 349, 9, 3141),
	(361, 121, 22, 99, 1, 99),
	(362, 121, 26, 9, 7, 63),
	(363, 121, 37, 82, 2, 164),
	(364, 121, 67, 23, 6, 138),
	(365, 122, 95, 450, 7, 3150),
	(366, 123, 17, 1230, 8, 9840),
	(367, 123, 17, 1230, 6, 7380),
	(368, 124, 19, 490, 7, 3430),
	(369, 124, 30, 16, 9, 144),
	(370, 124, 40, 129, 8, 1032),
	(371, 125, 22, 99, 6, 594),
	(372, 125, 55, 30, 9, 270),
	(373, 125, 74, 899, 5, 4495),
	(374, 125, 81, 29, 5, 145),
	(375, 126, 4, 1650, 5, 8250),
	(376, 126, 24, 99, 4, 396),
	(377, 126, 39, 140, 9, 1260),
	(378, 126, 85, 45, 2, 90),
	(379, 126, 90, 854, 6, 5124),
	(380, 126, 92, 9, 7, 63),
	(381, 127, 27, 7, 10, 70),
	(382, 127, 62, 59, 10, 590),
	(383, 127, 88, 889, 4, 3556),
	(384, 128, 6, 1999, 5, 9995),
	(385, 128, 15, 399, 3, 1197),
	(386, 128, 55, 30, 3, 90),
	(387, 128, 60, 31, 10, 310),
	(388, 129, 76, 549, 7, 3843),
	(389, 130, 16, 430, 6, 2580),
	(390, 130, 19, 490, 6, 2940),
	(391, 130, 25, 119, 3, 357),
	(392, 130, 51, 77, 1, 77),
	(393, 130, 67, 23, 10, 230),
	(394, 130, 88, 889, 4, 3556),
	(395, 130, 99, 900, 5, 4500),
	(396, 130, 99, 900, 4, 3600),
	(397, 131, 12, 230, 9, 2070),
	(398, 131, 13, 285, 2, 570),
	(399, 131, 17, 1230, 2, 2460),
	(400, 131, 33, 9, 2, 18),
	(401, 131, 47, 45, 7, 315),
	(402, 131, 55, 30, 9, 270),
	(403, 131, 56, 9, 10, 90),
	(404, 131, 70, 15000, 8, 120000),
	(405, 131, 87, 130, 3, 390),
	(406, 132, 70, 15000, 8, 120000),
	(407, 133, 11, 512, 5, 2560),
	(408, 133, 24, 99, 1, 99),
	(409, 133, 27, 7, 1, 7),
	(410, 133, 49, 80, 2, 160),
	(411, 133, 63, 69, 8, 552),
	(412, 133, 99, 900, 3, 2700),
	(413, 134, 25, 119, 7, 833),
	(414, 134, 83, 167, 10, 1670),
	(415, 135, 18, 830, 1, 830),
	(416, 137, 46, 26, 1, 26),
	(417, 137, 55, 30, 6, 180),
	(418, 138, 6, 1999, 6, 11994),
	(419, 138, 59, 2, 1, 2),
	(420, 138, 64, 35, 10, 350),
	(421, 138, 76, 549, 7, 3843),
	(422, 140, 2, 1249, 2, 2498),
	(423, 140, 29, 14, 7, 98),
	(424, 140, 79, 49, 4, 196),
	(425, 140, 88, 889, 8, 7112),
	(426, 140, 93, 30, 2, 60),
	(427, 141, 26, 9, 5, 45),
	(428, 141, 31, 26, 1, 26),
	(429, 141, 51, 77, 8, 616),
	(430, 142, 6, 1999, 6, 11994),
	(431, 142, 38, 101, 10, 1010),
	(432, 142, 54, 34, 2, 68),
	(433, 142, 67, 23, 3, 69),
	(434, 142, 93, 30, 5, 150),
	(435, 143, 30, 16, 7, 112),
	(436, 144, 84, 63, 8, 504),
	(437, 145, 9, 149, 3, 447),
	(438, 145, 21, 139, 9, 1251),
	(439, 145, 46, 26, 8, 208),
	(440, 145, 48, 90, 9, 810),
	(441, 146, 2, 1249, 10, 12490),
	(442, 146, 8, 459, 9, 4131),
	(443, 146, 12, 230, 7, 1610),
	(444, 146, 55, 30, 4, 120),
	(445, 147, 9, 149, 7, 1043),
	(446, 147, 14, 345, 2, 690),
	(447, 147, 25, 119, 8, 952),
	(448, 147, 80, 39, 3, 117),
	(449, 147, 83, 167, 3, 501),
	(450, 147, 89, 679, 6, 4074),
	(451, 148, 2, 1249, 2, 2498),
	(452, 148, 75, 549, 3, 1647),
	(453, 149, 20, 349, 9, 3141),
	(454, 149, 53, 29, 1, 29),
	(455, 149, 91, 469, 1, 469),
	(456, 149, 96, 250, 9, 2250),
	(457, 150, 12, 230, 1, 230),
	(458, 150, 58, 39, 5, 195),
	(459, 150, 66, 1430, 1, 1430),
	(460, 150, 75, 549, 5, 2745),
	(461, 150, 76, 549, 2, 1098),
	(462, 151, 80, 39, 4, 156),
	(463, 151, 94, 45, 1, 45),
	(464, 151, 94, 45, 4, 180),
	(465, 152, 13, 285, 5, 1425),
	(466, 152, 16, 430, 6, 2580),
	(467, 152, 21, 139, 6, 834),
	(468, 152, 53, 29, 10, 290),
	(469, 152, 59, 2, 10, 20),
	(470, 153, 5, 299, 10, 2990),
	(471, 153, 8, 459, 8, 3672),
	(472, 153, 15, 399, 5, 1995),
	(473, 153, 75, 549, 1, 549),
	(474, 153, 83, 167, 3, 501),
	(475, 153, 91, 469, 4, 1876),
	(476, 154, 50, 69, 4, 276),
	(477, 155, 78, 549, 9, 4941),
	(478, 155, 99, 900, 10, 9000),
	(479, 156, 12, 230, 6, 1380),
	(480, 156, 44, 1499, 9, 13491),
	(481, 156, 55, 30, 1, 30),
	(482, 156, 58, 39, 2, 78),
	(483, 156, 61, 49, 3, 147),
	(484, 156, 74, 899, 8, 7192),
	(485, 156, 85, 45, 3, 135),
	(486, 156, 85, 45, 10, 450),
	(487, 158, 28, 11, 4, 44),
	(488, 159, 97, 1700, 2, 3400),
	(489, 160, 1, 956, 3, 2868),
	(490, 160, 11, 512, 8, 4096),
	(491, 160, 21, 139, 1, 139),
	(492, 161, 29, 14, 3, 42),
	(493, 161, 76, 549, 2, 1098),
	(494, 161, 79, 49, 6, 294),
	(495, 162, 57, 7, 7, 49),
	(496, 162, 83, 167, 4, 668),
	(497, 163, 9, 149, 7, 1043),
	(498, 163, 59, 2, 7, 14),
	(499, 166, 7, 2299, 4, 9196),
	(500, 166, 27, 7, 5, 35),
	(501, 166, 53, 29, 5, 145),
	(502, 166, 82, 299, 6, 1794),
	(503, 166, 90, 854, 7, 5978),
	(504, 166, 99, 900, 10, 9000),
	(505, 167, 31, 26, 1, 26),
	(506, 167, 32, 7, 10, 70),
	(507, 167, 43, 189, 3, 567),
	(508, 167, 51, 77, 1, 77),
	(509, 167, 64, 35, 6, 210),
	(510, 167, 75, 549, 7, 3843),
	(511, 168, 45, 39, 3, 117),
	(512, 168, 53, 29, 8, 232),
	(513, 169, 10, 1679, 5, 8395),
	(514, 169, 44, 1499, 4, 5996),
	(515, 169, 62, 59, 7, 413),
	(516, 169, 74, 899, 4, 3596),
	(517, 169, 93, 30, 9, 270),
	(518, 170, 2, 1249, 5, 6245),
	(519, 170, 11, 512, 8, 4096),
	(520, 170, 14, 345, 5, 1725),
	(521, 170, 15, 399, 5, 1995),
	(522, 170, 30, 16, 1, 16),
	(523, 170, 39, 140, 3, 420),
	(524, 171, 28, 11, 7, 77),
	(525, 171, 82, 299, 7, 2093),
	(526, 172, 39, 140, 8, 1120),
	(527, 172, 86, 288, 5, 1440),
	(528, 173, 23, 170, 1, 170),
	(529, 173, 52, 55, 4, 220),
	(530, 174, 83, 167, 5, 835),
	(531, 174, 93, 30, 4, 120),
	(532, 175, 5, 299, 1, 299),
	(533, 175, 21, 139, 6, 834),
	(534, 175, 69, 5000, 3, 15000),
	(535, 176, 63, 69, 3, 207),
	(536, 176, 73, 1199, 10, 11990),
	(537, 176, 74, 899, 8, 7192),
	(538, 178, 42, 169, 6, 1014),
	(539, 179, 1, 956, 2, 1912),
	(540, 179, 19, 490, 3, 1470),
	(541, 179, 19, 490, 9, 4410),
	(542, 179, 31, 26, 7, 182),
	(543, 179, 65, 29, 7, 203),
	(544, 180, 2, 1249, 4, 4996),
	(545, 180, 4, 1650, 7, 11550),
	(546, 180, 7, 2299, 1, 2299),
	(547, 180, 24, 99, 4, 396),
	(548, 180, 84, 63, 3, 189),
	(549, 181, 21, 139, 8, 1112),
	(550, 181, 42, 169, 5, 845),
	(551, 181, 48, 90, 3, 270),
	(552, 181, 66, 1430, 1, 1430),
	(553, 181, 84, 63, 9, 567),
	(554, 182, 28, 11, 10, 110),
	(555, 182, 77, 549, 6, 3294),
	(556, 182, 100, 600, 3, 1800),
	(557, 183, 11, 512, 4, 2048),
	(558, 183, 31, 26, 1, 26),
	(559, 183, 36, 71, 9, 639),
	(560, 183, 62, 59, 3, 177),
	(561, 183, 81, 29, 2, 58),
	(562, 184, 62, 59, 6, 354),
	(563, 185, 24, 99, 4, 396),
	(564, 185, 44, 1499, 5, 7495),
	(565, 185, 52, 55, 5, 275),
	(566, 186, 33, 9, 9, 81),
	(567, 186, 92, 9, 9, 81),
	(568, 186, 97, 1700, 3, 5100),
	(569, 187, 36, 71, 5, 355),
	(570, 187, 41, 89, 8, 712),
	(571, 187, 80, 39, 6, 234),
	(572, 187, 99, 900, 2, 1800),
	(573, 188, 45, 39, 7, 273),
	(574, 189, 32, 7, 7, 49),
	(575, 189, 53, 29, 9, 261),
	(576, 189, 62, 59, 6, 354),
	(577, 190, 20, 349, 9, 3141),
	(578, 190, 56, 9, 10, 90),
	(579, 190, 64, 35, 3, 105),
	(580, 190, 89, 679, 3, 2037),
	(581, 191, 39, 140, 4, 560),
	(582, 193, 100, 600, 6, 3600),
	(583, 194, 41, 89, 1, 89),
	(584, 194, 42, 169, 1, 169),
	(585, 195, 8, 459, 1, 459),
	(586, 195, 86, 288, 1, 288),
	(587, 196, 77, 549, 6, 3294),
	(588, 197, 25, 119, 1, 119),
	(589, 197, 82, 299, 8, 2392),
	(590, 197, 94, 45, 2, 90),
	(591, 198, 40, 129, 7, 903),
	(592, 198, 64, 35, 8, 280),
	(593, 199, 13, 285, 1, 285),
	(594, 199, 14, 345, 2, 690),
	(595, 199, 25, 119, 8, 952),
	(596, 199, 25, 119, 8, 952),
	(597, 199, 32, 7, 8, 56),
	(598, 199, 52, 55, 2, 110),
	(599, 200, 27, 7, 2, 14),
	(600, 200, 77, 549, 8, 4392);
/*!40000 ALTER TABLE `order_items` ENABLE KEYS */;

-- Dumping structure for table workshop.products
CREATE TABLE IF NOT EXISTS `products` (
  `id` int(11) NOT NULL AUTO_INCREMENT,
  `category_id` int(11) DEFAULT NULL,
  `product_name_en` varchar(100) DEFAULT NULL,
  `product_name_th` varchar(100) DEFAULT NULL,
  `unit_en` varchar(10) DEFAULT NULL,
  `unit_th` varchar(10) DEFAULT NULL,
  `price` decimal(8,2) DEFAULT NULL,
  PRIMARY KEY (`id`),
  KEY `category_id` (`category_id`)
) ENGINE=InnoDB AUTO_INCREMENT=101 DEFAULT CHARSET=utf8;

-- Dumping data for table workshop.products: ~100 rows (approximately)
/*!40000 ALTER TABLE `products` DISABLE KEYS */;
INSERT INTO `products` (`id`, `category_id`, `product_name_en`, `product_name_th`, `unit_en`, `unit_th`, `price`) VALUES
	(1, 1, 'Notebook Basic 15', 'สินค้า Notebook Basic 15', 'PC', 'ชิ้น', 956.00),
	(2, 1, 'Notebook Basic 17', 'สินค้า Notebook Basic 17', 'PC', 'ชิ้น', 1249.00),
	(3, 1, 'Notebook Basic 18', 'สินค้า Notebook Basic 18', 'PC', 'ชิ้น', 1570.00),
	(4, 1, 'Notebook Basic 19', 'สินค้า Notebook Basic 19', 'PC', 'ชิ้น', 1650.00),
	(5, 2, 'ITelO Vault', 'สินค้า ITelO Vault', 'PC', 'ชิ้น', 299.00),
	(6, 2, 'Notebook Professional 15', 'สินค้า Notebook Professional 15', 'PC', 'ชิ้น', 1999.00),
	(7, 1, 'Notebook Professional 17', 'สินค้า Notebook Professional 17', 'PC', 'ชิ้น', 2299.00),
	(8, 2, 'ITelO Vault Net', 'สินค้า ITelO Vault Net', 'PC', 'ชิ้น', 459.00),
	(9, 2, 'ITelO Vault SAT', 'สินค้า ITelO Vault SAT', 'PC', 'ชิ้น', 149.00),
	(10, 2, 'Comfort Easy', 'สินค้า Comfort Easy', 'PC', 'ชิ้น', 1679.00),
	(11, 2, 'Comfort Senior', 'สินค้า Comfort Senior', 'PC', 'ชิ้น', 512.00),
	(12, 3, 'Ergo Screen E-I', 'สินค้า Ergo Screen E-I', 'PC', 'ชิ้น', 230.00),
	(13, 3, 'Ergo Screen E-II', 'สินค้า Ergo Screen E-II', 'PC', 'ชิ้น', 285.00),
	(14, 3, 'Ergo Screen E-III', 'สินค้า Ergo Screen E-III', 'PC', 'ชิ้น', 345.00),
	(15, 3, 'Flat Basic', 'สินค้า Flat Basic', 'PC', 'ชิ้น', 399.00),
	(16, 3, 'Flat Future', 'สินค้า Flat Future', 'PC', 'ชิ้น', 430.00),
	(17, 3, 'Flat XL', 'สินค้า Flat XL', 'PC', 'ชิ้น', 1230.00),
	(18, 4, 'Laser Professional Eco', 'สินค้า Laser Professional Eco', 'PC', 'ชิ้น', 830.00),
	(19, 4, 'Laser Basic', 'สินค้า Laser Basic', 'PC', 'ชิ้น', 490.00),
	(20, 4, 'Laser Allround', 'สินค้า Laser Allround', 'PC', 'ชิ้น', 349.00),
	(21, 4, 'Ultra Jet Super Color', 'สินค้า Ultra Jet Super Color', 'PC', 'ชิ้น', 139.00),
	(22, 4, 'Ultra Jet Mobile', 'สินค้า Ultra Jet Mobile', 'PC', 'ชิ้น', 99.00),
	(23, 4, 'Ultra Jet Super Highspeed', 'สินค้า Ultra Jet Super Highspeed', 'PC', 'ชิ้น', 170.00),
	(24, 5, 'Multi Print', 'สินค้า Multi Print', 'PC', 'ชิ้น', 99.00),
	(25, 5, 'Multi Color', 'สินค้า Multi Color', 'PC', 'ชิ้น', 119.00),
	(26, 6, 'Cordless Mouse', 'สินค้า Cordless Mouse', 'PC', 'ชิ้น', 9.00),
	(27, 6, 'Speed Mouse', 'สินค้า Speed Mouse', 'PC', 'ชิ้น', 7.00),
	(28, 6, 'Track Mouse', 'สินค้า Track Mouse', 'PC', 'ชิ้น', 11.00),
	(29, 7, 'Ergonomic Keyboard', 'สินค้า Ergonomic Keyboard', 'PC', 'ชิ้น', 14.00),
	(30, 7, 'Internet Keyboard', 'สินค้า Internet Keyboard', 'PC', 'ชิ้น', 16.00),
	(31, 7, 'Media Keyboard', 'สินค้า Media Keyboard', 'PC', 'ชิ้น', 26.00),
	(32, 8, 'Mousepad', 'สินค้า Mousepad', 'PC', 'ชิ้น', 6.99),
	(33, 8, 'Ergo Mousepad', 'สินค้า Ergo Mousepad', 'PC', 'ชิ้น', 8.99),
	(34, 8, 'Designer Mousepad', 'สินค้า Designer Mousepad', 'PC', 'ชิ้น', 12.99),
	(35, 9, 'Universal card reader', 'สินค้า Universal card reader', 'PC', 'ชิ้น', 14.00),
	(36, 10, 'Proctra X', 'สินค้า Proctra X', 'PC', 'ชิ้น', 70.90),
	(37, 10, 'Gladiator MX', 'สินค้า Gladiator MX', 'PC', 'ชิ้น', 81.70),
	(38, 10, 'Hurricane GX', 'สินค้า Hurricane GX', 'PC', 'ชิ้น', 101.20),
	(39, 10, 'Hurricane GX/LN', 'สินค้า Hurricane GX/LN', 'PC', 'ชิ้น', 139.99),
	(40, 11, 'Photo Scan', 'สินค้า Photo Scan', 'PC', 'ชิ้น', 129.00),
	(41, 11, 'Power Scan', 'สินค้า Power Scan', 'PC', 'ชิ้น', 89.00),
	(42, 11, 'Jet Scan Professional', 'สินค้า Jet Scan Professional', 'PC', 'ชิ้น', 169.00),
	(43, 11, 'Jet Scan Professional', 'สินค้า Jet Scan Professional', 'PC', 'ชิ้น', 189.00),
	(44, 5, 'Copymaster', 'สินค้า Copymaster', 'PC', 'ชิ้น', 1499.00),
	(45, 12, 'Surround Sound', 'สินค้า Surround Sound', 'PC', 'ชิ้น', 39.00),
	(46, 12, 'Blaster Extreme', 'สินค้า Blaster Extreme', 'PC', 'ชิ้น', 26.00),
	(47, 12, 'Sound Booster', 'สินค้า Sound Booster', 'PC', 'ชิ้น', 45.00),
	(48, 13, 'Smart Office', 'สินค้า Smart Office', 'PC', 'ชิ้น', 89.90),
	(49, 13, 'Smart Design', 'สินค้า Smart Design', 'PC', 'ชิ้น', 79.90),
	(50, 13, 'Smart Network', 'สินค้า Smart Network', 'PC', 'ชิ้น', 69.00),
	(51, 13, 'Smart Multimedia', 'สินค้า Smart Multimedia', 'PC', 'ชิ้น', 77.00),
	(52, 13, 'Smart Games', 'สินค้า Smart Games', 'PC', 'ชิ้น', 55.00),
	(53, 13, 'Smart Internet Antivirus', 'สินค้า Smart Internet Antivirus', 'PC', 'ชิ้น', 29.00),
	(54, 13, 'Smart Firewall', 'สินค้า Smart Firewall', 'PC', 'ชิ้น', 34.00),
	(55, 13, 'Smart Money', 'สินค้า Smart Money', 'PC', 'ชิ้น', 29.90),
	(56, 9, 'PC Lock', 'สินค้า PC Lock', 'PC', 'ชิ้น', 8.90),
	(57, 9, 'Notebook Lock', 'สินค้า Notebook Lock', 'PC', 'ชิ้น', 6.90),
	(58, 9, 'Web cam reality', 'สินค้า Web cam reality', 'PC', 'ชิ้น', 39.00),
	(59, 9, 'Screen clean', 'สินค้า Screen clean', 'PC', 'ชิ้น', 2.30),
	(60, 9, 'Fabric bag professional', 'สินค้า Fabric bag professional', 'PC', 'ชิ้น', 31.00),
	(61, 14, 'Wireless DSL Router', 'สินค้า Wireless DSL Router', 'PC', 'ชิ้น', 49.00),
	(62, 14, 'Wireless DSL Router / Repeater', 'สินค้า Wireless DSL Router / Repeater', 'PC', 'ชิ้น', 59.00),
	(63, 14, 'Wireless DSL Router / Repeater and Print Server', 'สินค้า Wireless DSL Router / Repeater and Print Server', 'PC', 'ชิ้น', 69.00),
	(64, 9, 'USB Stick', 'สินค้า USB Stick', 'PC', 'ชิ้น', 35.00),
	(65, 7, 'Cordless Bluetooth Keyboard, english international', 'สินค้า Cordless Bluetooth Keyboard, english international', 'PC', 'ชิ้น', 29.00),
	(66, 3, 'Flat XXL', 'สินค้า Flat XXL', 'PC', 'ชิ้น', 1430.00),
	(67, 6, 'Pocket Mouse', 'สินค้า Pocket Mouse', 'PC', 'ชิ้น', 23.00),
	(68, 15, 'PC Power Station', 'สินค้า PC Power Station', 'PC', 'ชิ้น', 2399.00),
	(69, 16, 'Server Basic', 'สินค้า Server Basic', 'PC', 'ชิ้น', 5000.00),
	(70, 16, 'Server Professional', 'สินค้า Server Professional', 'PC', 'ชิ้น', 15000.00),
	(71, 16, 'Server Power Pro', 'สินค้า Server Power Pro', 'PC', 'ชิ้น', 25000.00),
	(72, 17, 'Flat Watch HD32', 'สินค้า Flat Watch HD32', 'PC', 'ชิ้น', 1459.00),
	(73, 17, 'Flat Watch HD37', 'สินค้า Flat Watch HD37', 'PC', 'ชิ้น', 1199.00),
	(74, 17, 'Flat Watch HD41', 'สินค้า Flat Watch HD41', 'PC', 'ชิ้น', 899.00),
	(75, 2, 'Platinberry', 'สินค้า Platinberry', 'PC', 'ชิ้น', 549.00),
	(76, 2, 'Goldberry', 'สินค้า Goldberry', 'PC', 'ชิ้น', 549.00),
	(77, 2, 'Silverberry', 'สินค้า Silverberry', 'PC', 'ชิ้น', 549.00),
	(78, 2, 'Copperberry', 'สินค้า Copperberry', 'PC', 'ชิ้น', 549.00),
	(79, 2, 'Lovely Sound 5.1 Wireless', 'สินค้า Lovely Sound 5.1 Wireless', 'PC', 'ชิ้น', 49.00),
	(80, 2, 'Lovely Sound 5.1', 'สินค้า Lovely Sound 5.1', 'PC', 'ชิ้น', 39.00),
	(81, 2, 'Lovely Sound Stereo', 'สินค้า Lovely Sound Stereo', 'PC', 'ชิ้น', 29.00),
	(82, 2, 'Power Pro Player 80', 'สินค้า Power Pro Player 80', 'PC', 'ชิ้น', 299.00),
	(83, 2, 'Power Pro Player 40', 'สินค้า Power Pro Player 40', 'PC', 'ชิ้น', 167.00),
	(84, 2, 'ITelo Jog-Mate', 'สินค้า ITelo Jog-Mate', 'PC', 'ชิ้น', 63.00),
	(85, 2, 'ITelo MusicStick', 'สินค้า ITelo MusicStick', 'PC', 'ชิ้น', 45.00),
	(86, 2, 'Record Movie', 'สินค้า Record Movie', 'PC', 'ชิ้น', 288.00),
	(87, 2, 'Play Movie', 'สินค้า Play Movie', 'PC', 'ชิ้น', 130.00),
	(88, 2, 'Beam Breaker B-3', 'สินค้า Beam Breaker B-3', 'PC', 'ชิ้น', 889.00),
	(89, 2, 'Beam Breaker B-2', 'สินค้า Beam Breaker B-2', 'PC', 'ชิ้น', 679.00),
	(90, 2, 'Portable DVD Player with 9" LCD Monitor', 'สินค้า Portable DVD Player with 9" LCD Monitor', 'PC', 'ชิ้น', 853.99),
	(91, 2, 'Beam Breaker B-1', 'สินค้า Beam Breaker B-1', 'PC', 'ชิ้น', 469.00),
	(92, 2, 'Removable CD/DVD Laser Labels', 'สินค้า Removable CD/DVD Laser Labels', 'PC', 'ชิ้น', 8.99),
	(93, 2, 'Audio/Video Cable Kit - 4m', 'สินค้า Audio/Video Cable Kit - 4m', 'PC', 'ชิ้น', 29.99),
	(94, 2, 'CD/DVD case: 264 sleeves', 'สินค้า CD/DVD case: 264 sleeves', 'PC', 'ชิ้น', 44.99),
	(95, 2, '10" Portable DVD player', 'สินค้า 10" Portable DVD player', 'PC', 'ชิ้น', 449.99),
	(96, 2, '7" Widescreen Portable DVD Player w MP3', 'สินค้า 7" Widescreen Portable DVD Player w MP3', 'PC', 'ชิ้น', 249.99),
	(97, 18, 'Gaming Monster Pro', 'สินค้า Gaming Monster Pro', 'PC', 'ชิ้น', 1700.00),
	(98, 18, 'Gaming Monster', 'สินค้า Gaming Monster', 'PC', 'ชิ้น', 1200.00),
	(99, 18, 'Family PC Pro', 'สินค้า Family PC Pro', 'PC', 'ชิ้น', 900.00),
	(100, 18, 'Family PC Basic', 'สินค้า Family PC Basic', 'PC', 'ชิ้น', 600.00);
/*!40000 ALTER TABLE `products` ENABLE KEYS */;

/*!40101 SET SQL_MODE=IFNULL(@OLD_SQL_MODE, '') */;
/*!40014 SET FOREIGN_KEY_CHECKS=IF(@OLD_FOREIGN_KEY_CHECKS IS NULL, 1, @OLD_FOREIGN_KEY_CHECKS) */;
/*!40101 SET CHARACTER_SET_CLIENT=@OLD_CHARACTER_SET_CLIENT */;
